,RSS,Epc,time,diff
6908,-60.0,9107.0,75142,
6911,-60.5,9107.0,75142,-0.5
6913,-60.5,9107.0,75142,0.0
6915,-60.5,9107.0,75142,0.0
6916,-60.5,9107.0,75142,0.0
6918,-60.5,9107.0,75142,0.0
6921,-60.5,9107.0,75157,0.0
6923,-61.0,9107.0,75157,-0.5
6924,-60.0,9107.0,75157,1.0
6927,-61.0,9107.0,75157,-1.0
6929,-60.5,9107.0,75157,0.5
6931,-60.0,9107.0,75204,0.5
6933,-60.5,9107.0,75204,-0.5
6934,-60.5,9107.0,75407,0.0
6937,-60.0,9107.0,75407,0.5
6938,-60.0,9107.0,75407,0.0
6941,-60.5,9107.0,75407,-0.5
6942,-60.0,9107.0,75407,0.5
6945,-60.5,9107.0,75423,-0.5
6946,-60.5,9107.0,75423,0.0
6949,-60.5,9107.0,75423,0.0
6950,-61.0,9107.0,75423,-0.5
6952,-60.0,9107.0,75423,1.0
6954,-61.0,9107.0,75423,-1.0
6957,-60.5,9107.0,75439,0.5
6959,-60.5,9107.0,75657,0.0
6961,-60.0,9107.0,75657,0.5
6963,-60.5,9107.0,75657,-0.5
6965,-61.0,9107.0,75657,-0.5
6966,-60.0,9107.0,75657,1.0
6969,-60.5,9107.0,75673,-0.5
6971,-60.0,9107.0,75673,0.5
6973,-60.5,9107.0,75673,-0.5
6975,-61.0,9107.0,75673,-0.5
6977,-60.5,9107.0,75673,0.5
6978,-61.0,9107.0,75673,-0.5
6980,-60.5,9107.0,75688,0.5
6983,-60.5,9107.0,75907,0.0
6984,-60.0,9107.0,75907,0.5
6986,-60.5,9107.0,75907,-0.5
6989,-60.5,9107.0,75907,0.0
6990,-60.5,9107.0,75907,0.0
6992,-61.0,9107.0,75907,-0.5
6994,-61.0,9107.0,75907,0.0
6997,-60.5,9107.0,75907,0.5
6999,-60.5,9107.0,75907,0.0
7001,-60.0,9107.0,75907,0.5
7003,-60.5,9107.0,75907,-0.5
7004,-61.0,9107.0,75938,-0.5
7007,-60.5,9107.0,76157,0.5
7009,-60.5,9107.0,76157,0.0
7010,-60.5,9107.0,76157,0.0
7012,-60.0,9107.0,76157,0.5
7014,-61.0,9107.0,76157,-1.0
7017,-60.5,9107.0,76157,0.5
7019,-60.5,9107.0,76157,0.0
7020,-60.5,9107.0,76157,0.0
7022,-60.5,9107.0,76157,0.0
7025,-60.5,9107.0,76157,0.0
7027,-60.5,9107.0,76157,0.0
7028,-60.5,9107.0,76188,0.0
7031,-60.5,9107.0,76391,0.0
7032,-60.5,9107.0,76391,0.0
7034,-60.5,9107.0,76407,0.0
7037,-60.5,9107.0,76407,0.0
7039,-60.5,9107.0,76407,0.0
7041,-60.5,9107.0,76407,0.0
7043,-60.0,9107.0,76407,0.5
7045,-60.5,9107.0,76407,-0.5
7046,-60.5,9107.0,76407,0.0
7049,-60.5,9107.0,76407,0.0
7050,-60.5,9107.0,76407,0.0
7053,-60.5,9107.0,76438,0.0
7055,-60.0,9107.0,76657,0.5
7056,-61.5,9107.0,76657,-1.5
7057,-60.5,9107.0,76657,1.0
7060,-61.0,9107.0,76657,-0.5
7062,-60.5,9107.0,76657,0.5
7063,-60.5,9107.0,76657,0.0
7066,-60.0,9107.0,76657,0.5
7068,-60.5,9107.0,76657,-0.5
7069,-60.5,9107.0,76657,0.0
7071,-61.0,9107.0,76657,-0.5
7073,-60.5,9107.0,76657,0.5
7075,-60.0,9107.0,76657,0.5
7077,-61.5,9107.0,76657,-1.5
7079,-60.0,9107.0,76688,1.5
7081,-60.5,9107.0,76907,-0.5
7083,-60.5,9107.0,76907,0.0
7084,-61.0,9107.0,76907,-0.5
7086,-60.0,9107.0,76907,1.0
7088,-60.0,9107.0,76907,0.0
7091,-60.5,9107.0,76907,-0.5
7093,-60.5,9107.0,76907,0.0
7094,-61.0,9107.0,76907,-0.5
7096,-60.5,9107.0,76907,0.5
7099,-60.5,9107.0,76907,0.0
7100,-60.5,9107.0,76907,0.0
7103,-60.5,9107.0,76939,0.0
7104,-60.5,9107.0,77144,0.0
7106,-60.5,9107.0,77144,0.0
7109,-60.5,9107.0,77144,0.0
7110,-60.5,9107.0,77144,0.0
7112,-60.5,9107.0,77144,0.0
7115,-60.0,9107.0,77144,0.5
7117,-60.5,9107.0,77144,-0.5
7119,-61.5,9107.0,77144,-1.0
7121,-60.5,9107.0,77159,1.0
7123,-60.5,9107.0,77159,0.0
7125,-61.0,9107.0,77159,-0.5
7126,-61.0,9107.0,77191,0.0
7128,-61.0,9107.0,77191,0.0
7130,-61.5,9107.0,77409,-0.5
7132,-61.0,9107.0,77409,0.5
7135,-61.0,9107.0,77409,0.0
7136,-61.5,9107.0,77409,-0.5
7139,-61.5,9107.0,77409,0.0
7140,-61.5,9107.0,77409,0.0
7143,-61.0,9107.0,77409,0.5
7144,-61.5,9107.0,77409,-0.5
7146,-61.5,9107.0,77409,0.0
7149,-61.0,9107.0,77409,0.5
7150,-61.5,9107.0,77409,-0.5
7152,-62.0,9107.0,77441,-0.5
7155,-61.5,9107.0,77659,0.5
7157,-62.0,9107.0,77659,-0.5
7159,-62.5,9107.0,77659,-0.5
7160,-61.5,9107.0,77659,1.0
7163,-62.0,9107.0,77659,-0.5
7164,-61.5,9107.0,77659,0.5
7166,-61.5,9107.0,77659,0.0
7169,-62.0,9107.0,77659,-0.5
7170,-62.0,9107.0,77659,0.0
7172,-61.0,9107.0,77659,1.0
7174,-61.5,9107.0,77659,-0.5
7176,-62.0,9107.0,77691,-0.5
7178,-61.5,9107.0,77894,0.5
7181,-61.5,9107.0,77894,0.0
7183,-61.5,9107.0,77894,0.0
7184,-61.5,9107.0,77894,0.0
7186,-62.0,9107.0,77909,-0.5
7188,-62.0,9107.0,77909,0.0
7191,-61.0,9107.0,77909,1.0
7193,-62.0,9107.0,77909,-1.0
7194,-61.5,9107.0,77909,0.5
7197,-61.5,9107.0,77909,0.0
7198,-62.0,9107.0,77909,-0.5
7201,-62.0,9107.0,77940,0.0
7202,-61.5,9107.0,77940,0.5
7204,-62.0,9107.0,78159,-0.5
7206,-61.5,9107.0,78159,0.5
7208,-62.0,9107.0,78159,-0.5
7211,-61.5,9107.0,78159,0.5
7212,-61.5,9107.0,78159,0.0
7214,-61.5,9107.0,78159,0.0
7216,-62.5,9107.0,78159,-1.0
7219,-63.0,9107.0,78175,-0.5
7221,-62.0,9107.0,78175,1.0
7222,-62.5,9107.0,78175,-0.5
7225,-62.0,9107.0,78175,0.5
7227,-62.0,9107.0,78206,0.0
7229,-61.5,9107.0,78409,0.5
7230,-61.0,9107.0,78409,0.5
7233,-61.0,9107.0,78409,0.0
7235,-61.5,9107.0,78409,-0.5
7237,-61.5,9107.0,78409,0.0
7238,-60.5,9107.0,78409,1.0
7241,-61.0,9107.0,78409,-0.5
7242,-61.0,9107.0,78409,0.0
7245,-60.0,9107.0,78409,1.0
7246,-60.0,9107.0,78409,0.0
7249,-59.5,9107.0,78409,0.5
7250,-60.0,9107.0,78440,-0.5
7252,-59.5,9107.0,78659,0.5
7255,-59.0,9107.0,78659,0.5
7257,-58.5,9107.0,78659,0.5
7258,-58.0,9107.0,78659,0.5
7260,-57.5,9107.0,78659,0.5
7263,-57.5,9107.0,78675,0.0
7265,-56.5,9107.0,78675,1.0
7267,-56.5,9107.0,78675,0.0
7269,-56.0,9107.0,78675,0.5
7270,-55.5,9107.0,78675,0.5
7272,-55.5,9107.0,78675,0.0
7274,-54.5,9107.0,78691,1.0
7277,-54.0,9107.0,78909,0.5
7279,-53.5,9107.0,78909,0.5
7280,-53.5,9107.0,78909,0.0
7283,-53.0,9107.0,78909,0.5
7284,-53.0,9107.0,78909,0.0
7286,-52.5,9107.0,78909,0.5
7288,-52.0,9107.0,78909,0.5
7290,-51.5,9107.0,78909,0.5
7293,-52.0,9107.0,78909,-0.5
7295,-51.5,9107.0,78909,0.5
7297,-51.0,9107.0,78909,0.5
7299,-51.0,9107.0,78940,0.0
7301,-50.5,9107.0,79159,0.5
7302,-50.5,9107.0,79159,0.0
7304,-50.0,9107.0,79159,0.5
7306,-50.0,9107.0,79159,0.0
7309,-50.0,9107.0,79159,0.0
7310,-50.0,9107.0,79159,0.0
7312,-49.5,9107.0,79159,0.5
7315,-49.5,9107.0,79159,0.0
7317,-49.5,9107.0,79159,0.0
7318,-49.5,9107.0,79159,0.0
7320,-49.0,9107.0,79159,0.5
7322,-49.0,9107.0,79190,0.0
7325,-49.0,9107.0,79409,0.0
7327,-49.0,9107.0,79409,0.0
7328,-48.5,9107.0,79409,0.5
7331,-48.5,9107.0,79409,0.0
7333,-48.5,9107.0,79409,0.0
7335,-48.5,9107.0,79409,0.0
7336,-48.5,9107.0,79409,0.0
7338,-49.0,9107.0,79409,-0.5
7340,-49.0,9107.0,79409,0.0
7343,-49.0,9107.0,79409,0.0
7344,-48.5,9107.0,79409,0.5
7347,-48.5,9107.0,79441,0.0
7349,-48.5,9107.0,79643,0.0
7351,-48.5,9107.0,79643,0.0
7352,-48.5,9107.0,79643,0.0
7355,-48.5,9107.0,79643,0.0
7356,-49.0,9107.0,79643,-0.5
7359,-49.0,9107.0,79643,0.0
7361,-49.0,9107.0,79643,0.0
7363,-49.0,9107.0,79643,0.0
7364,-49.0,9107.0,79659,0.0
7367,-49.5,9107.0,79659,-0.5
7369,-49.0,9107.0,79659,0.5
7371,-49.0,9107.0,79691,0.0
7372,-49.0,9107.0,79691,0.0
7374,-49.5,9107.0,79909,-0.5
7377,-49.5,9107.0,79909,0.0
7379,-49.5,9107.0,79909,0.0
7380,-49.0,9107.0,79909,0.5
7382,-49.0,9107.0,79909,0.0
7385,-49.5,9107.0,79909,-0.5
7387,-49.0,9107.0,79909,0.5
7388,-49.5,9107.0,79924,-0.5
7390,-49.5,9107.0,79924,0.0
7392,-49.5,9107.0,79924,0.0
7395,-50.0,9107.0,79924,-0.5
7396,-59.0,9107.0,79956,-9.0
7399,-60.5,9107.0,80158,-1.5
7400,-60.5,9107.0,80158,0.0
7403,-60.5,9107.0,80158,0.0
7404,-60.5,9107.0,80158,0.0
7407,-61.0,9107.0,80158,-0.5
7408,-60.5,9107.0,80158,0.5
7411,-60.5,9107.0,80158,0.0
7413,-60.0,9107.0,80158,0.5
7415,-61.0,9107.0,80173,-1.0
7417,-60.5,9107.0,80173,0.5
7419,-60.5,9107.0,80173,0.0
7420,-60.5,9107.0,80189,0.0
7423,-60.0,9107.0,80392,0.5
7425,-59.5,9107.0,80392,0.5
7427,-60.5,9107.0,80392,-1.0
7428,-60.5,9107.0,80408,0.0
7430,-59.5,9107.0,80408,1.0
7433,-60.0,9107.0,80408,-0.5
7434,-60.0,9107.0,80408,0.0
7437,-59.5,9107.0,80408,0.5
7438,-60.5,9107.0,80408,-1.0
7440,-60.0,9107.0,80408,0.5
7443,-60.0,9107.0,80408,0.0
7444,-59.5,9107.0,80440,0.5
7447,-60.0,9107.0,80440,-0.5
7449,-60.5,9107.0,80658,-0.5
7450,-60.0,9107.0,80658,0.5
7453,-60.5,9107.0,80673,-0.5
7454,-60.5,9107.0,80673,0.0
7457,-60.5,9107.0,80673,0.0
7459,-59.5,9107.0,80673,1.0
7460,-60.0,9107.0,80673,-0.5
7463,-60.0,9107.0,80673,0.0
7464,-60.0,9107.0,80673,0.0
7467,-59.5,9107.0,80673,0.5
7468,-60.0,9107.0,80673,-0.5
7471,-60.0,9107.0,80690,0.0
7473,-60.5,9107.0,80908,-0.5
7475,-60.0,9107.0,80908,0.5
7477,-60.0,9107.0,80908,0.0
7479,-60.0,9107.0,80908,0.0
7480,-60.0,9107.0,80908,0.0
7483,-60.5,9107.0,80908,-0.5
7485,-59.5,9107.0,80908,1.0
7487,-60.0,9107.0,80908,-0.5
7488,-60.0,9107.0,80908,0.0
7491,-60.5,9107.0,80923,-0.5
7492,-60.5,9107.0,80923,0.0
7495,-60.0,9107.0,80939,0.5
7497,-60.0,9107.0,81158,0.0
7498,-60.0,9107.0,81158,0.0
7500,-60.0,9107.0,81158,0.0
7503,-60.0,9107.0,81158,0.0
7505,-60.5,9107.0,81158,-0.5
7507,-60.0,9107.0,81158,0.5
7509,-60.0,9107.0,81158,0.0
7510,-60.5,9107.0,81158,-0.5
7513,-60.0,9107.0,81158,0.5
7515,-60.5,9107.0,81158,-0.5
7517,-60.0,9107.0,81158,0.5
7518,-60.0,9107.0,81189,0.0
7521,-60.0,9107.0,81392,0.0
7523,-60.5,9107.0,81407,-0.5
7524,-60.0,9107.0,81407,0.5
7527,-60.0,9107.0,81407,0.0
7529,-60.0,9107.0,81407,0.0
7531,-60.0,9107.0,81407,0.0
7533,-60.5,9107.0,81407,-0.5
7534,-60.0,9107.0,81407,0.5
7536,-60.5,9107.0,81407,-0.5
7539,-60.5,9107.0,81407,0.0
7540,-59.5,9107.0,81407,1.0
7543,-60.0,9107.0,81439,-0.5
7544,-60.5,9107.0,81439,-0.5
7547,-60.0,9107.0,81657,0.5
7548,-60.0,9107.0,81657,0.0
7551,-60.5,9107.0,81657,-0.5
7553,-60.0,9107.0,81657,0.5
7554,-60.0,9107.0,81657,0.0
7555,-60.0,9107.0,81673,0.0
7558,-60.0,9107.0,81673,0.0
7559,-60.0,9107.0,81673,0.0
7562,-60.5,9107.0,81673,-0.5
7564,-60.0,9107.0,81673,0.5
7565,-60.0,9107.0,81673,0.0
7568,-60.0,9107.0,81673,0.0
7570,-60.0,9107.0,81704,0.0
7572,-60.0,9107.0,81907,0.0
7574,-60.0,9107.0,81907,0.0
7575,-60.0,9107.0,81907,0.0
7578,-60.0,9107.0,81907,0.0
7579,-60.0,9107.0,81907,0.0
7581,-60.0,9107.0,81907,0.0
7583,-60.0,9107.0,81907,0.0
7585,-60.5,9107.0,81907,-0.5
7587,-60.5,9107.0,81907,0.0
7589,-60.0,9107.0,81907,0.5
7592,-60.0,9107.0,81907,0.0
7594,-60.5,9107.0,81939,-0.5
7595,-60.0,9107.0,82157,0.5
7598,-60.0,9107.0,82157,0.0
7600,-59.5,9107.0,82157,0.5
7601,-60.0,9107.0,82157,-0.5
7604,-60.0,9107.0,82157,0.0
7605,-60.0,9107.0,82157,0.0
7607,-60.0,9107.0,82157,0.0
7609,-60.0,9107.0,82157,0.0
7612,-60.0,9107.0,82157,0.0
7613,-60.5,9107.0,82157,-0.5
7615,-60.0,9107.0,82157,0.5
7618,-60.0,9107.0,82189,0.0
7620,-60.5,9107.0,82392,-0.5
7622,-60.0,9107.0,82392,0.5
7623,-60.0,9107.0,82392,0.0
7625,-60.0,9107.0,82392,0.0
7627,-60.0,9107.0,82392,0.0
7629,-60.0,9107.0,82392,0.0
7631,-60.0,9107.0,82407,0.0
7634,-60.0,9107.0,82407,0.0
7635,-60.5,9107.0,82407,-0.5
7638,-60.5,9107.0,82407,0.0
7640,-59.5,9107.0,82407,1.0
7642,-60.0,9107.0,82439,-0.5
7643,-60.0,9107.0,82439,0.0
7646,-60.0,9107.0,82657,0.0
7648,-60.0,9107.0,82657,0.0
7650,-60.0,9107.0,82657,0.0
7652,-60.5,9107.0,82657,-0.5
7653,-60.0,9107.0,82657,0.5
7655,-60.5,9107.0,82657,-0.5
7657,-60.0,9107.0,82657,0.5
7660,-60.0,9107.0,82673,0.0
7662,-60.0,9107.0,82673,0.0
7663,-60.0,9107.0,82673,0.0
7665,-60.5,9107.0,82673,-0.5
7668,-60.0,9107.0,82689,0.5
7670,-60.0,9107.0,82911,0.0
7671,-60.5,9107.0,82911,-0.5
7674,-60.0,9107.0,82911,0.5
7676,-60.0,9107.0,82911,0.0
7678,-59.5,9107.0,82911,0.5
7679,-60.5,9107.0,82911,-1.0
7681,-59.5,9107.0,82911,1.0
7683,-60.0,9107.0,82911,-0.5
7685,-59.5,9107.0,82911,0.5
7688,-60.5,9107.0,82911,-1.0
7690,-60.0,9107.0,82911,0.5
7691,-60.0,9107.0,82942,0.0
7693,-60.0,9107.0,83145,0.0
7696,-60.0,9107.0,83145,0.0
7697,-60.0,9107.0,83145,0.0
7699,-60.0,9107.0,83145,0.0
7702,-60.0,9107.0,83145,0.0
7704,-60.5,9107.0,83145,-0.5
7706,-60.0,9107.0,83145,0.5
7707,-60.0,9107.0,83145,0.0
7710,-60.0,9107.0,83161,0.0
7712,-60.0,9107.0,83161,0.0
7713,-60.0,9107.0,83161,0.0
7716,-60.0,9107.0,83192,0.0
7718,-60.5,9107.0,83192,-0.5
7720,-60.0,9107.0,83411,0.5
7721,-60.0,9107.0,83411,0.0
7723,-60.0,9107.0,83411,0.0
7726,-60.0,9107.0,83411,0.0
7727,-60.0,9107.0,83411,0.0
7729,-60.5,9107.0,83411,-0.5
7731,-60.0,9107.0,83411,0.5
7733,-60.0,9107.0,83411,0.0
7735,-60.0,9107.0,83426,0.0
7737,-59.5,9107.0,83426,0.5
7739,-60.0,9107.0,83426,-0.5
7741,-60.5,9107.0,83442,-0.5
7743,-60.0,9107.0,83661,0.5
7745,-60.0,9107.0,83661,0.0
7747,-60.0,9107.0,83661,0.0
7750,-59.5,9107.0,83661,0.5
7752,-60.5,9107.0,83661,-1.0
7753,-60.0,9107.0,83661,0.5
7755,-60.5,9107.0,83661,-0.5
7757,-60.0,9107.0,83661,0.5
7759,-60.5,9107.0,83661,-0.5
7761,-60.0,9107.0,83661,0.5
7763,-60.0,9107.0,83661,0.0
7766,-60.5,9107.0,83692,-0.5
7768,-60.0,9107.0,83895,0.5
7769,-60.0,9107.0,83895,0.0
7772,-60.0,9107.0,83910,0.0
7774,-60.0,9107.0,83910,0.0
7776,-60.0,9107.0,83910,0.0
7778,-60.0,9107.0,83910,0.0
7779,-60.5,9107.0,83910,-0.5
7782,-60.0,9107.0,83910,0.5
7783,-60.5,9107.0,83910,-0.5
7785,-60.0,9107.0,83910,0.5
7787,-60.0,9107.0,83910,0.0
7790,-60.0,9107.0,83942,0.0
7792,-60.0,9107.0,84145,0.0
7794,-60.0,9107.0,84145,0.0
7796,-60.5,9107.0,84145,-0.5
7797,-60.0,9107.0,84145,0.5
7800,-60.0,9107.0,84145,0.0
7802,-60.0,9107.0,84145,0.0
7803,-60.5,9107.0,84145,-0.5
7806,-60.0,9107.0,84160,0.5
7808,-60.0,9107.0,84160,0.0
7809,-60.5,9107.0,84160,-0.5
7811,-59.5,9107.0,84160,1.0
7814,-60.0,9107.0,84192,-0.5
7815,-60.0,9107.0,84192,0.0
7817,-61.0,9107.0,84411,-1.0
7820,-60.0,9107.0,84411,1.0
7821,-60.5,9107.0,84411,-0.5
7824,-59.5,9107.0,84411,1.0
7825,-60.0,9107.0,84411,-0.5
7828,-60.0,9107.0,84411,0.0
7830,-60.0,9107.0,84411,0.0
7832,-60.5,9107.0,84426,-0.5
7833,-60.5,9107.0,84426,0.0
7835,-60.5,9107.0,84426,0.0
7838,-60.5,9107.0,84426,0.0
7839,-60.0,9107.0,84442,0.5
7842,-60.5,9107.0,84661,-0.5
7843,-60.0,9107.0,84661,0.5
7846,-60.5,9107.0,84661,-0.5
7848,-60.5,9107.0,84661,0.0
7850,-60.0,9107.0,84661,0.5
7852,-60.5,9107.0,84661,-0.5
7853,-60.5,9107.0,84661,0.0
7855,-60.0,9107.0,84661,0.5
7858,-60.0,9107.0,84661,0.0
7860,-60.0,9107.0,84661,0.0
7861,-60.5,9107.0,84661,-0.5
7863,-60.5,9107.0,84691,0.0
7865,-60.0,9107.0,84895,0.5
7867,-60.5,9107.0,84895,-0.5
7869,-60.5,9107.0,84895,0.0
7871,-60.5,9107.0,84895,0.0
7873,-60.5,9107.0,84895,0.0
7875,-60.0,9107.0,84910,0.5
7878,-60.5,9107.0,84910,-0.5
7880,-60.0,9107.0,84910,0.5
7882,-60.5,9107.0,84910,-0.5
7884,-60.5,9107.0,84910,0.0
7886,-60.5,9107.0,84910,0.0
7888,-60.5,9107.0,84941,0.0
6909,-59.0,9108.0,75142,
6910,-59.5,9108.0,75142,-0.5
6912,-59.0,9108.0,75142,0.5
6914,-59.5,9108.0,75142,-0.5
6917,-59.0,9108.0,75142,0.5
6919,-59.5,9108.0,75157,-0.5
6920,-59.0,9108.0,75157,0.5
6922,-59.0,9108.0,75157,0.0
6925,-59.0,9108.0,75157,0.0
6926,-59.0,9108.0,75157,0.0
6928,-59.0,9108.0,75157,0.0
6930,-59.0,9108.0,75204,0.0
6932,-59.0,9108.0,75204,0.0
6935,-59.0,9108.0,75407,0.0
6936,-59.5,9108.0,75407,-0.5
6939,-58.5,9108.0,75407,1.0
6940,-59.5,9108.0,75407,-1.0
6943,-59.0,9108.0,75407,0.5
6944,-59.5,9108.0,75423,-0.5
6947,-59.0,9108.0,75423,0.5
6948,-59.0,9108.0,75423,0.0
6951,-59.5,9108.0,75423,-0.5
6953,-59.0,9108.0,75423,0.5
6955,-59.0,9108.0,75423,0.0
6956,-59.5,9108.0,75439,-0.5
6958,-59.0,9108.0,75657,0.5
6960,-59.5,9108.0,75657,-0.5
6962,-59.0,9108.0,75657,0.5
6964,-59.0,9108.0,75657,0.0
6967,-59.0,9108.0,75657,0.0
6968,-59.0,9108.0,75673,0.0
6970,-59.0,9108.0,75673,0.0
6972,-58.5,9108.0,75673,0.5
6974,-59.0,9108.0,75673,-0.5
6976,-59.5,9108.0,75673,-0.5
6979,-59.5,9108.0,75673,0.0
6981,-59.5,9108.0,75688,0.0
6982,-59.0,9108.0,75907,0.5
6985,-59.0,9108.0,75907,0.0
6987,-59.0,9108.0,75907,0.0
6988,-59.5,9108.0,75907,-0.5
6991,-59.0,9108.0,75907,0.5
6993,-59.5,9108.0,75907,-0.5
6995,-58.5,9108.0,75907,1.0
6996,-59.0,9108.0,75907,-0.5
6998,-59.5,9108.0,75907,-0.5
7000,-59.5,9108.0,75907,0.0
7002,-59.0,9108.0,75907,0.5
7005,-59.0,9108.0,75938,0.0
7006,-59.0,9108.0,76157,0.0
7008,-59.0,9108.0,76157,0.0
7011,-58.5,9108.0,76157,0.5
7013,-59.0,9108.0,76157,-0.5
7015,-59.0,9108.0,76157,0.0
7016,-59.0,9108.0,76157,0.0
7018,-59.0,9108.0,76157,0.0
7021,-59.0,9108.0,76157,0.0
7023,-59.0,9108.0,76157,0.0
7024,-59.0,9108.0,76157,0.0
7026,-59.5,9108.0,76157,-0.5
7029,-59.5,9108.0,76188,0.0
7030,-59.5,9108.0,76391,0.0
7033,-59.0,9108.0,76407,0.5
7035,-59.0,9108.0,76407,0.0
7036,-59.0,9108.0,76407,0.0
7038,-58.5,9108.0,76407,0.5
7040,-59.0,9108.0,76407,-0.5
7042,-59.0,9108.0,76407,0.0
7044,-59.0,9108.0,76407,0.0
7047,-59.0,9108.0,76407,0.0
7048,-59.0,9108.0,76407,0.0
7051,-59.0,9108.0,76407,0.0
7052,-59.0,9108.0,76438,0.0
7054,-59.0,9108.0,76657,0.0
7058,-58.5,9108.0,76657,0.5
7059,-58.5,9108.0,76657,0.0
7061,-59.0,9108.0,76657,-0.5
7064,-58.5,9108.0,76657,0.5
7065,-59.0,9108.0,76657,-0.5
7067,-59.5,9108.0,76657,-0.5
7070,-59.5,9108.0,76657,0.0
7072,-59.0,9108.0,76657,0.5
7074,-58.5,9108.0,76657,0.5
7076,-59.5,9108.0,76657,-1.0
7078,-59.5,9108.0,76688,0.0
7080,-59.5,9108.0,76907,0.0
7082,-59.0,9108.0,76907,0.5
7085,-59.5,9108.0,76907,-0.5
7087,-59.0,9108.0,76907,0.5
7089,-59.0,9108.0,76907,0.0
7090,-59.0,9108.0,76907,0.0
7092,-59.0,9108.0,76907,0.0
7095,-59.0,9108.0,76907,0.0
7097,-59.0,9108.0,76907,0.0
7098,-59.0,9108.0,76907,0.0
7101,-59.0,9108.0,76907,0.0
7102,-59.0,9108.0,76939,0.0
7105,-59.0,9108.0,77144,0.0
7107,-59.0,9108.0,77144,0.0
7108,-59.0,9108.0,77144,0.0
7111,-58.5,9108.0,77144,0.5
7113,-59.0,9108.0,77144,-0.5
7114,-59.0,9108.0,77144,0.0
7116,-59.0,9108.0,77144,0.0
7118,-58.5,9108.0,77144,0.5
7120,-59.0,9108.0,77144,-0.5
7122,-58.5,9108.0,77159,0.5
7124,-58.5,9108.0,77159,0.0
7127,-58.5,9108.0,77191,0.0
7129,-58.5,9108.0,77191,0.0
7131,-58.5,9108.0,77409,0.0
7133,-58.5,9108.0,77409,0.0
7134,-58.0,9108.0,77409,0.5
7137,-58.0,9108.0,77409,0.0
7138,-58.0,9108.0,77409,0.0
7141,-58.0,9108.0,77409,0.0
7142,-57.5,9108.0,77409,0.5
7145,-57.5,9108.0,77409,0.0
7147,-58.0,9108.0,77409,-0.5
7148,-57.5,9108.0,77409,0.5
7151,-57.5,9108.0,77409,0.0
7153,-57.5,9108.0,77441,0.0
7154,-57.5,9108.0,77659,0.0
7156,-57.5,9108.0,77659,0.0
7158,-57.5,9108.0,77659,0.0
7161,-57.5,9108.0,77659,0.0
7162,-58.0,9108.0,77659,-0.5
7165,-57.5,9108.0,77659,0.5
7167,-57.5,9108.0,77659,0.0
7168,-57.0,9108.0,77659,0.5
7171,-58.0,9108.0,77659,-1.0
7173,-57.5,9108.0,77659,0.5
7175,-57.5,9108.0,77659,0.0
7177,-57.5,9108.0,77691,0.0
7179,-57.5,9108.0,77894,0.0
7180,-57.5,9108.0,77894,0.0
7182,-57.5,9108.0,77894,0.0
7185,-57.0,9108.0,77909,0.5
7187,-57.5,9108.0,77909,-0.5
7189,-57.5,9108.0,77909,0.0
7190,-57.5,9108.0,77909,0.0
7192,-57.0,9108.0,77909,0.5
7195,-57.5,9108.0,77909,-0.5
7196,-57.5,9108.0,77909,0.0
7199,-57.0,9108.0,77909,0.5
7200,-57.0,9108.0,77940,0.0
7203,-57.5,9108.0,77940,-0.5
7205,-57.5,9108.0,78159,0.0
7207,-57.0,9108.0,78159,0.5
7209,-57.5,9108.0,78159,-0.5
7210,-57.0,9108.0,78159,0.5
7213,-57.0,9108.0,78159,0.0
7215,-57.0,9108.0,78159,0.0
7217,-57.0,9108.0,78175,0.0
7218,-57.0,9108.0,78175,0.0
7220,-57.0,9108.0,78175,0.0
7223,-57.0,9108.0,78175,0.0
7224,-57.0,9108.0,78175,0.0
7226,-57.0,9108.0,78206,0.0
7228,-57.5,9108.0,78409,-0.5
7231,-57.0,9108.0,78409,0.5
7232,-57.5,9108.0,78409,-0.5
7234,-57.5,9108.0,78409,0.0
7236,-57.5,9108.0,78409,0.0
7239,-57.0,9108.0,78409,0.5
7240,-57.0,9108.0,78409,0.0
7243,-57.0,9108.0,78409,0.0
7244,-57.5,9108.0,78409,-0.5
7247,-57.0,9108.0,78409,0.5
7248,-57.5,9108.0,78409,-0.5
7251,-57.5,9108.0,78440,0.0
7253,-57.5,9108.0,78659,0.0
7254,-57.5,9108.0,78659,0.0
7256,-57.5,9108.0,78659,0.0
7259,-58.0,9108.0,78659,-0.5
7261,-58.0,9108.0,78675,0.0
7262,-58.0,9108.0,78675,0.0
7264,-58.0,9108.0,78675,0.0
7266,-58.0,9108.0,78675,0.0
7268,-58.0,9108.0,78675,0.0
7271,-58.0,9108.0,78675,0.0
7273,-57.5,9108.0,78675,0.5
7275,-58.0,9108.0,78691,-0.5
7276,-57.5,9108.0,78909,0.5
7278,-57.5,9108.0,78909,0.0
7281,-57.5,9108.0,78909,0.0
7282,-57.5,9108.0,78909,0.0
7285,-57.0,9108.0,78909,0.5
7287,-57.0,9108.0,78909,0.0
7289,-57.0,9108.0,78909,0.0
7291,-57.0,9108.0,78909,0.0
7292,-56.5,9108.0,78909,0.5
7294,-56.5,9108.0,78909,0.0
7296,-56.0,9108.0,78909,0.5
7298,-56.0,9108.0,78940,0.0
7300,-56.0,9108.0,79159,0.0
7303,-56.0,9108.0,79159,0.0
7305,-55.5,9108.0,79159,0.5
7307,-55.5,9108.0,79159,0.0
7308,-55.0,9108.0,79159,0.5
7311,-55.0,9108.0,79159,0.0
7313,-54.5,9108.0,79159,0.5
7314,-54.5,9108.0,79159,0.0
7316,-54.5,9108.0,79159,0.0
7319,-54.0,9108.0,79159,0.5
7321,-54.0,9108.0,79159,0.0
7323,-54.0,9108.0,79190,0.0
7324,-53.5,9108.0,79409,0.5
7326,-53.5,9108.0,79409,0.0
7329,-53.5,9108.0,79409,0.0
7330,-53.5,9108.0,79409,0.0
7332,-53.0,9108.0,79409,0.5
7334,-53.0,9108.0,79409,0.0
7337,-53.0,9108.0,79409,0.0
7339,-53.0,9108.0,79409,0.0
7341,-53.5,9108.0,79409,-0.5
7342,-53.0,9108.0,79409,0.5
7345,-53.5,9108.0,79409,-0.5
7346,-53.5,9108.0,79441,0.0
7348,-53.5,9108.0,79643,0.0
7350,-53.0,9108.0,79643,0.5
7353,-53.0,9108.0,79643,0.0
7354,-53.5,9108.0,79643,-0.5
7357,-53.5,9108.0,79643,0.0
7358,-53.5,9108.0,79643,0.0
7360,-53.5,9108.0,79643,0.0
7362,-54.0,9108.0,79643,-0.5
7365,-54.0,9108.0,79659,0.0
7366,-54.0,9108.0,79659,0.0
7368,-54.0,9108.0,79659,0.0
7370,-53.5,9108.0,79691,0.5
7373,-53.5,9108.0,79691,0.0
7375,-54.0,9108.0,79909,-0.5
7376,-54.0,9108.0,79909,0.0
7378,-54.5,9108.0,79909,-0.5
7381,-54.5,9108.0,79909,0.0
7383,-54.5,9108.0,79909,0.0
7384,-54.5,9108.0,79909,0.0
7386,-54.5,9108.0,79909,0.0
7389,-54.5,9108.0,79924,0.0
7391,-54.5,9108.0,79924,0.0
7393,-54.0,9108.0,79924,0.5
7394,-52.5,9108.0,79924,1.5
7397,-58.5,9108.0,79956,-6.0
7398,-58.5,9108.0,80158,0.0
7401,-58.5,9108.0,80158,0.0
7402,-58.0,9108.0,80158,0.5
7405,-58.0,9108.0,80158,0.0
7406,-58.5,9108.0,80158,-0.5
7409,-58.5,9108.0,80158,0.0
7410,-59.0,9108.0,80158,-0.5
7412,-58.5,9108.0,80158,0.5
7414,-58.5,9108.0,80158,0.0
7416,-59.0,9108.0,80173,-0.5
7418,-59.0,9108.0,80173,0.0
7421,-59.0,9108.0,80189,0.0
7422,-59.0,9108.0,80392,0.0
7424,-59.0,9108.0,80392,0.0
7426,-58.5,9108.0,80392,0.5
7429,-59.0,9108.0,80408,-0.5
7431,-59.0,9108.0,80408,0.0
7432,-58.5,9108.0,80408,0.5
7435,-59.0,9108.0,80408,-0.5
7436,-58.5,9108.0,80408,0.5
7439,-58.5,9108.0,80408,0.0
7441,-58.5,9108.0,80408,0.0
7442,-59.0,9108.0,80408,-0.5
7445,-59.0,9108.0,80440,0.0
7446,-58.5,9108.0,80440,0.5
7448,-58.5,9108.0,80658,0.0
7451,-58.5,9108.0,80658,0.0
7452,-58.5,9108.0,80673,0.0
7455,-58.5,9108.0,80673,0.0
7456,-59.0,9108.0,80673,-0.5
7458,-59.0,9108.0,80673,0.0
7461,-58.5,9108.0,80673,0.5
7462,-58.5,9108.0,80673,0.0
7465,-59.0,9108.0,80673,-0.5
7466,-58.5,9108.0,80673,0.5
7469,-58.5,9108.0,80673,0.0
7470,-58.5,9108.0,80690,0.0
7472,-59.0,9108.0,80908,-0.5
7474,-58.5,9108.0,80908,0.5
7476,-58.5,9108.0,80908,0.0
7478,-58.5,9108.0,80908,0.0
7481,-58.5,9108.0,80908,0.0
7482,-58.5,9108.0,80908,0.0
7484,-58.5,9108.0,80908,0.0
7486,-58.5,9108.0,80908,0.0
7489,-58.5,9108.0,80923,0.0
7490,-58.5,9108.0,80923,0.0
7493,-59.0,9108.0,80923,-0.5
7494,-59.0,9108.0,80939,0.0
7496,-58.5,9108.0,81158,0.5
7499,-58.5,9108.0,81158,0.0
7501,-58.5,9108.0,81158,0.0
7502,-58.5,9108.0,81158,0.0
7504,-58.5,9108.0,81158,0.0
7506,-58.5,9108.0,81158,0.0
7508,-58.5,9108.0,81158,0.0
7511,-59.0,9108.0,81158,-0.5
7512,-59.0,9108.0,81158,0.0
7514,-58.5,9108.0,81158,0.5
7516,-59.0,9108.0,81158,-0.5
7519,-58.5,9108.0,81189,0.5
7520,-58.5,9108.0,81392,0.0
7522,-58.5,9108.0,81407,0.0
7525,-58.5,9108.0,81407,0.0
7526,-58.5,9108.0,81407,0.0
7528,-58.5,9108.0,81407,0.0
7530,-58.5,9108.0,81407,0.0
7532,-58.5,9108.0,81407,0.0
7535,-58.5,9108.0,81407,0.0
7537,-58.5,9108.0,81407,0.0
7538,-58.0,9108.0,81407,0.5
7541,-58.5,9108.0,81407,-0.5
7542,-59.0,9108.0,81439,-0.5
7545,-58.5,9108.0,81439,0.5
7546,-59.0,9108.0,81657,-0.5
7549,-58.5,9108.0,81657,0.5
7550,-58.5,9108.0,81657,0.0
7552,-58.5,9108.0,81657,0.0
7556,-58.5,9108.0,81673,0.0
7557,-58.5,9108.0,81673,0.0
7560,-58.5,9108.0,81673,0.0
7561,-58.5,9108.0,81673,0.0
7563,-58.5,9108.0,81673,0.0
7566,-58.5,9108.0,81673,0.0
7567,-58.5,9108.0,81673,0.0
7569,-59.0,9108.0,81704,-0.5
7571,-58.5,9108.0,81907,0.5
7573,-58.5,9108.0,81907,0.0
7576,-59.0,9108.0,81907,-0.5
7577,-58.5,9108.0,81907,0.5
7580,-59.0,9108.0,81907,-0.5
7582,-59.0,9108.0,81907,0.0
7584,-58.5,9108.0,81907,0.5
7586,-58.5,9108.0,81907,0.0
7588,-59.0,9108.0,81907,-0.5
7590,-58.5,9108.0,81907,0.5
7591,-58.5,9108.0,81907,0.0
7593,-58.5,9108.0,81939,0.0
7596,-58.5,9108.0,82157,0.0
7597,-58.5,9108.0,82157,0.0
7599,-59.0,9108.0,82157,-0.5
7602,-58.5,9108.0,82157,0.5
7603,-58.5,9108.0,82157,0.0
7606,-59.0,9108.0,82157,-0.5
7608,-58.5,9108.0,82157,0.5
7610,-58.5,9108.0,82157,0.0
7611,-58.5,9108.0,82157,0.0
7614,-59.0,9108.0,82157,-0.5
7616,-59.0,9108.0,82157,0.0
7617,-59.0,9108.0,82189,0.0
7619,-58.5,9108.0,82392,0.5
7621,-58.5,9108.0,82392,0.0
7624,-58.5,9108.0,82392,0.0
7626,-59.0,9108.0,82392,-0.5
7628,-58.5,9108.0,82392,0.5
7630,-58.5,9108.0,82392,0.0
7632,-59.0,9108.0,82407,-0.5
7633,-58.5,9108.0,82407,0.5
7636,-58.5,9108.0,82407,0.0
7637,-58.5,9108.0,82407,0.0
7639,-58.5,9108.0,82407,0.0
7641,-58.5,9108.0,82439,0.0
7644,-58.5,9108.0,82439,0.0
7645,-58.5,9108.0,82657,0.0
7647,-59.0,9108.0,82657,-0.5
7649,-58.5,9108.0,82657,0.5
7651,-58.5,9108.0,82657,0.0
7654,-59.0,9108.0,82657,-0.5
7656,-58.5,9108.0,82657,0.5
7658,-58.5,9108.0,82657,0.0
7659,-58.5,9108.0,82657,0.0
7661,-59.0,9108.0,82673,-0.5
7664,-58.5,9108.0,82673,0.5
7666,-59.0,9108.0,82673,-0.5
7667,-59.0,9108.0,82689,0.0
7669,-59.0,9108.0,82911,0.0
7672,-58.5,9108.0,82911,0.5
7673,-58.5,9108.0,82911,0.0
7675,-58.5,9108.0,82911,0.0
7677,-59.0,9108.0,82911,-0.5
7680,-58.5,9108.0,82911,0.5
7682,-58.5,9108.0,82911,0.0
7684,-58.5,9108.0,82911,0.0
7686,-58.5,9108.0,82911,0.0
7687,-59.0,9108.0,82911,-0.5
7689,-59.0,9108.0,82911,0.0
7692,-58.5,9108.0,82942,0.5
7694,-59.0,9108.0,83145,-0.5
7695,-58.5,9108.0,83145,0.5
7698,-58.5,9108.0,83145,0.0
7700,-59.0,9108.0,83145,-0.5
7701,-59.0,9108.0,83145,0.0
7703,-59.0,9108.0,83145,0.0
7705,-58.5,9108.0,83145,0.5
7708,-58.5,9108.0,83145,0.0
7709,-58.5,9108.0,83161,0.0
7711,-58.5,9108.0,83161,0.0
7714,-59.0,9108.0,83161,-0.5
7715,-59.0,9108.0,83192,0.0
7717,-58.5,9108.0,83192,0.5
7719,-58.5,9108.0,83411,0.0
7722,-59.0,9108.0,83411,-0.5
7724,-58.5,9108.0,83411,0.5
7725,-59.0,9108.0,83411,-0.5
7728,-59.0,9108.0,83411,0.0
7730,-59.0,9108.0,83411,0.0
7732,-58.5,9108.0,83411,0.5
7734,-59.0,9108.0,83426,-0.5
7736,-58.5,9108.0,83426,0.5
7738,-59.0,9108.0,83426,-0.5
7740,-59.0,9108.0,83426,0.0
7742,-58.5,9108.0,83442,0.5
7744,-59.0,9108.0,83661,-0.5
7746,-59.0,9108.0,83661,0.0
7748,-58.5,9108.0,83661,0.5
7749,-59.0,9108.0,83661,-0.5
7751,-58.5,9108.0,83661,0.5
7754,-59.0,9108.0,83661,-0.5
7756,-59.0,9108.0,83661,0.0
7758,-59.0,9108.0,83661,0.0
7760,-58.5,9108.0,83661,0.5
7762,-59.0,9108.0,83661,-0.5
7764,-59.0,9108.0,83661,0.0
7765,-59.0,9108.0,83692,0.0
7767,-58.5,9108.0,83895,0.5
7770,-59.0,9108.0,83910,-0.5
7771,-58.5,9108.0,83910,0.5
7773,-58.5,9108.0,83910,0.0
7775,-58.5,9108.0,83910,0.0
7777,-58.5,9108.0,83910,0.0
7780,-59.0,9108.0,83910,-0.5
7781,-58.5,9108.0,83910,0.5
7784,-58.5,9108.0,83910,0.0
7786,-58.5,9108.0,83910,0.0
7788,-58.5,9108.0,83910,0.0
7789,-58.5,9108.0,83942,0.0
7791,-58.5,9108.0,84145,0.0
7793,-58.5,9108.0,84145,0.0
7795,-58.5,9108.0,84145,0.0
7798,-58.5,9108.0,84145,0.0
7799,-58.5,9108.0,84145,0.0
7801,-58.5,9108.0,84145,0.0
7804,-59.0,9108.0,84145,-0.5
7805,-58.5,9108.0,84145,0.5
7807,-58.5,9108.0,84160,0.0
7810,-58.5,9108.0,84160,0.0
7812,-58.5,9108.0,84160,0.0
7813,-58.5,9108.0,84192,0.0
7816,-58.5,9108.0,84192,0.0
7818,-58.5,9108.0,84411,0.0
7819,-58.5,9108.0,84411,0.0
7822,-58.5,9108.0,84411,0.0
7823,-58.5,9108.0,84411,0.0
7826,-58.5,9108.0,84411,0.0
7827,-58.5,9108.0,84411,0.0
7829,-59.0,9108.0,84411,-0.5
7831,-58.5,9108.0,84411,0.5
7834,-59.0,9108.0,84426,-0.5
7836,-58.5,9108.0,84426,0.5
7837,-58.5,9108.0,84426,0.0
7840,-58.0,9108.0,84442,0.5
7841,-59.0,9108.0,84661,-1.0
7844,-58.5,9108.0,84661,0.5
7845,-58.5,9108.0,84661,0.0
7847,-59.0,9108.0,84661,-0.5
7849,-58.5,9108.0,84661,0.5
7851,-58.0,9108.0,84661,0.5
7854,-58.5,9108.0,84661,-0.5
7856,-58.5,9108.0,84661,0.0
7857,-58.5,9108.0,84661,0.0
7859,-58.5,9108.0,84661,0.0
7862,-58.5,9108.0,84661,0.0
7864,-58.5,9108.0,84691,0.0
7866,-58.5,9108.0,84895,0.0
7868,-58.5,9108.0,84895,0.0
7870,-58.5,9108.0,84895,0.0
7872,-59.0,9108.0,84895,-0.5
7874,-58.5,9108.0,84895,0.5
7876,-58.5,9108.0,84910,0.0
7877,-59.0,9108.0,84910,-0.5
7879,-58.5,9108.0,84910,0.5
7881,-58.5,9108.0,84910,0.0
7883,-58.5,9108.0,84910,0.0
7885,-58.5,9108.0,84910,0.0
7887,-59.0,9108.0,84941,-0.5
